DS,iter,Clean,Noisy,SAUCIE,scScope,DeepImpute,MAGIC t=7
1,0,0.7084373741762273,0.4984435649047758,0.5481094406223195,0.5773317880383666,0.5335763472791828,0.4705264029002528
